{"cameraMode":{"drawMode":0,"name":"Shaded","section":"Shading Mode"},"sceneLighting":false,"audioPlay":false,"sceneViewState":{"m_AlwaysRefresh":false,"showFog":true,"showSkybox":false,"showFlares":true,"showImageEffects":true,"showParticleSystems":true,"showVisualEffectGraphs":true,"m_FxEnabled":true},"in2DMode":false,"pivot":{"x":-17.85300064086914,"y":27.917999267578126,"z":-53.645999908447269},"rotation":{"x":0.051744069904088977,"y":0.9079277515411377,"z":-0.11777754873037338,"w":0.39890262484550478},"size":1.6468348503112794,"orthographic":false}